{
  "users": {
    "6283879152564@s.whatsapp.net": {
      "daftar": false,
      "nama": "CallMe? Line",
      "otp": 9729,
      "email": "-",
      "serial": "-",
      "Line": false,
      "banned": false,
      "lastUnregTime": 1731746577266,
      "gold": 0,
      "saldo": 10000,
      "limit": 200,
      "level": 2,
      "exp": 5068
    },
    "628568782064@s.whatsapp.net": {
      "daftar": false,
      "nama": "No Name",
      "otp": 9269,
      "email": "-",
      "serial": "-",
      "Line": false,
      "banned": false,
      "lastUnregTime": 1731746578619,
      "gold": 0,
      "saldo": 0,
      "limit": 0,
      "level": 0,
      "exp": 0
    },
    "120363267733189530@newsletter": {
      "daftar": false,
      "nama": "No Name",
      "otp": 1137,
      "email": "-",
      "serial": "-",
      "Line": false,
      "banned": false,
      "lastUnregTime": 1731746821263,
      "gold": 0,
      "saldo": 0,
      "limit": 0,
      "level": 0,
      "exp": 184
    },
    "120363322599104538@newsletter": {
      "daftar": false,
      "nama": "No Name",
      "otp": 1601,
      "email": "-",
      "serial": "-",
      "Line": false,
      "banned": false,
      "lastUnregTime": 1731752343132,
      "gold": 0,
      "saldo": 0,
      "limit": 0,
      "level": 0,
      "exp": 724
    },
    "6283128826541@s.whatsapp.net": {
      "daftar": false,
      "nama": "KEVIN HOSTING",
      "otp": 8541,
      "email": "-",
      "serial": "-",
      "Line": false,
      "banned": false,
      "lastUnregTime": 1731761971394,
      "gold": 0,
      "saldo": 0,
      "limit": 0,
      "level": 0,
      "exp": 1935
    },
    "6281387677419@s.whatsapp.net": {
      "daftar": false,
      "nama": "William",
      "otp": 2177,
      "email": "-",
      "serial": "-",
      "Line": false,
      "banned": false,
      "lastUnregTime": 1731762675645,
      "gold": 0,
      "saldo": 0,
      "limit": 0,
      "level": 0,
      "exp": 585
    },
    "6289638657075@s.whatsapp.net": {
      "daftar": false,
      "nama": "Wilson",
      "otp": 6541,
      "email": "-",
      "serial": "-",
      "Line": false,
      "banned": false,
      "lastUnregTime": 1731814355906,
      "gold": 0,
      "saldo": 0,
      "limit": 0,
      "level": 0,
      "exp": 290
    },
    "6281288838898@s.whatsapp.net": {
      "daftar": false,
      "nama": "Agga Gunawan",
      "otp": 1565,
      "email": "-",
      "serial": "-",
      "Line": false,
      "banned": false,
      "lastUnregTime": 1731815106606,
      "gold": 0,
      "saldo": 0,
      "limit": 0,
      "level": 0,
      "exp": 419
    },
    "6283140698195@s.whatsapp.net": {
      "daftar": false,
      "nama": "j",
      "otp": 6050,
      "email": "-",
      "serial": "-",
      "Line": false,
      "banned": false,
      "lastUnregTime": 1731836199961,
      "gold": 0,
      "saldo": 0,
      "limit": 0,
      "level": 0,
      "exp": 259
    },
    "60194947960@s.whatsapp.net": {
      "daftar": false,
      "nama": "ɴɪxs sᴛᴏʀᴇ 『 ɴᴏᴘᴇ ᴏᴡɴᴇʀ 』",
      "otp": 1208,
      "email": "-",
      "serial": "-",
      "Line": false,
      "banned": false,
      "lastUnregTime": 1731836700963,
      "gold": 0,
      "saldo": 0,
      "limit": 0,
      "level": 0,
      "exp": 241
    },
    "6287821239407@s.whatsapp.net": {
      "daftar": false,
      "nama": "verlang",
      "otp": 8533,
      "email": "-",
      "serial": "-",
      "Line": false,
      "banned": false,
      "lastUnregTime": 1731840229887,
      "gold": 0,
      "saldo": 0,
      "limit": 0,
      "level": 0,
      "exp": 56
    },
    "6288983438126@s.whatsapp.net": {
      "daftar": false,
      "nama": "~ Mungkin Anda Kenal 🗿...",
      "otp": 9452,
      "email": "-",
      "serial": "-",
      "Line": false,
      "banned": false,
      "lastUnregTime": 1731841579906,
      "gold": 0,
      "saldo": 0,
      "limit": 0,
      "level": 0,
      "exp": 266
    }
  },
  "chats": {
    "120363345688891072@g.us": {
      "antilink": false,
      "antilinkgc": false,
      "mute": false,
      "nsfw": false
    },
    "120363368995342665@g.us": {
      "antilink": false,
      "antilinkgc": false,
      "mute": false,
      "nsfw": false
    },
    "120363267733189530@newsletter": {
      "antilink": false,
      "antilinkgc": false,
      "mute": false,
      "nsfw": false
    },
    "6285262926934@s.whatsapp.net": {
      "antilink": false,
      "antilinkgc": false,
      "mute": false,
      "nsfw": false
    },
    "628568782064@s.whatsapp.net": {
      "antilink": false,
      "antilinkgc": false,
      "mute": false,
      "nsfw": false
    },
    "120363322599104538@newsletter": {
      "antilink": false,
      "antilinkgc": false,
      "mute": false,
      "nsfw": false
    },
    "6285710230711@s.whatsapp.net": {
      "antilink": false,
      "antilinkgc": false,
      "mute": false,
      "nsfw": false
    },
    "6283879152564@s.whatsapp.net": {
      "antilink": false,
      "antilinkgc": false,
      "mute": false,
      "nsfw": false
    },
    "120363314217944510@g.us": {
      "antilink": false,
      "antilinkgc": false,
      "mute": false,
      "nsfw": false
    },
    "6283140698195@s.whatsapp.net": {
      "antilink": false,
      "antilinkgc": false,
      "mute": false,
      "nsfw": false
    },
    "60194947960@s.whatsapp.net": {
      "antilink": false,
      "antilinkgc": false,
      "mute": false,
      "nsfw": false
    },
    "6288983438126@s.whatsapp.net": {
      "antilink": false,
      "antilinkgc": false,
      "mute": false,
      "nsfw": false
    }
  },
  "others": {},
  "settings": {}
}