[{"id":"62882022616743@s.whatsapp.net","name":"Player-697","serial":"638bd"},{"id":"6289654057716@s.whatsapp.net","name":"Player-249","serial":"07206"},{"id":"6283879152564@s.whatsapp.net","name":"Player-212","serial":"8882"},{"id":"6283879152564@s.whatsapp.net","name":"Player-184","serial":"6424"},{"id":"6283879152564@s.whatsapp.net","name":"Player-512","serial":"3752"},{"id":"6283879152564@s.whatsapp.net","name":"Player-101","serial":"2657"},{"id":"6283879152564@s.whatsapp.net","name":"Player-406","serial":"9976"}]